Цена,Наличие,Название
3 000 руб,В наличии,"Втулка задняя USports. 32 отв., 8/9/10 ск. под диск"
2 953 руб,В наличии,Покрышка Rubena V98 KRATOS TD 29x2.25 Racing Pro
2 850 руб,В наличии,"Втулка задняя USports. 32 отв., 8/9 ск. 135 мм. под диск"
1 560 руб,В наличии,"Покрышка Seyoun 26"" x 1.95"" SY-B006"
19 900 руб,В наличии,"Комплект колес Remerx Hip 26”, двойной обод, 32H, эксцентрик, заднее под кассету"
2 650 руб,В наличии,"Обод Alexrims EN24 29"", 19 мм, 36Н, A/V"
2 700 руб,В наличии,"Покрышка Kenda 29""x2.00, K-1080"
2 400 руб,В наличии,"Покрышка Kenda 29""x2.00, K-1113"
2 190 руб,В наличии,Покрышка Maxxis Ikon 27.5x2.20
4 250 руб,В наличии,"Покрышка Kenda 26""x2.35, K-1047"
8 600 руб,В наличии,Покрышка Schwalbe Rocket Ron Addix SPGrip TL-Easy SS 27.5x2.25
1 400 руб,В наличии,"Колесо 24"" переднее, одинарный обод под v-brake 32 отв, втулка SF A03F"
2 190 руб,В наличии,Покрышка Maxxis Crossmark II 27.5x2.25
3 650 руб,В наличии,"Обод WTB W120-3172 TGS, 27.5"" 32Н, 34,5 мм."
5 200 руб,В наличии,"Покрышка Schwalbe Nobby Nic 26x2.25, Folding, TwinSkin"
5 050 руб,В наличии,"Покрышка Schwalbe Smart Sam Plus 26x2.25, GreenGuard, SnakeSkin"
1 560 руб,В наличии,"Покрышка Seyoun 28"" x 1.75"" SY-1182"
2 380 руб,В наличии,"Покрышка Schwalbe Silento K-Guard 28x1,75"
3 200 руб,В наличии,"Покрышка Kenda Kadre K1027 26""х2.10"
1 560 руб,В наличии,"Покрышка Seyoun 26"" x 2.0"" SY-B002"
1 600 руб,В наличии,"Ось в сборе Shimano, для FH-M475, 146 мм (5-3/4'')"
1 300 руб,В наличии,"Камера Continental Race Light 700x18/25, S42"
1 150 руб,В наличии,"Покрышка Mitas Winner 18x1,75x2"
1 110 руб,В наличии,"Покрышка Chao Yang 18"" x 2.125 H-506"
2 410 руб,В наличии,Покрышка CST 700x28C C1808
2 650 руб,В наличии,"Втулка задняя Wang Zheng WZ-A282R, 32 отв., 145 мм, под кассету, 8-11 ск., под диск"
1 450 руб,В наличии,"Обод Weinmann ZAC 19, 26"", 24 мм, 32H, A/V, V-Brake"
1 030 руб,В наличии,"Камера BBB BTI-66 26*3,00  FV 48mm"
3 850 руб,В наличии,"Обод Alexrims AT510 700Cх17 мм., 32Н, F/V, CSW"
5 350 руб,В наличии,"Покрышка Schwalbe Kojak 26x2.0, RaceGuard, Folding"
1 030 руб,В наличии,"Камера BBB BTI-68 27.5*2,10/2.35 A/V 40 mm"
38 950 руб,В наличии,"Комплект колес Shimano, RX010, пер. задн, 10-11ск, C.Lock, 622-17C, 100-135мм OLD"
1 300 руб,В наличии,Покрышка CST CZAR 700x23C
1 300 руб,В наличии,"Обод Weinmann Taurus 2000, 26"", 26 мм, 32H, A/V"
3 600 руб,В наличии,"Втулка передн. Shimano Deore, M6000, 36 отв, C.Lock QR"
1 560 руб,В наличии,"Покрышка Chao Yang 29"" x 2.10 H-5129 60TPI"
4 050 руб,В наличии,"Покрышка Kenda 26""x2.10, K-1047"
2 800 руб,В наличии,"Барабан Shimano,для FH-M475"
4 550 руб,В наличии,"Покрышка Kenda 27.5""x2.10, K-1047"
3 750 руб,В наличии,"Втулка передняя Deore, M525A 36 отв, QR, 6-болт"
6 950 руб,В наличии,Покрышка Schwalbe Nobby Nic Addix SPGrip TL-Easy SS 27.5x2.25
5 050 руб,В наличии,"Втулка задняя Shimano Alivio M4050, 36 отв, 8/9/10 ск, C.Lock, QR"
1 330 руб,В наличии,"Камера BBB BTI-66 26*3,00 AV"
1 100 руб,В наличии,"Обод Weinmann U28 Disc, 27.5'', 32H, Schrader (AV)"
1 110 руб,В наличии,"Покрышка Seyoun SY-B012 12""1/2 x 2""1/4"
1 150 руб,В наличии,"Лента ободная для бескамерных покрышек Weldtite, 24 мм., 10 м."
1 560 руб,В наличии,"Покрышка Seyoun 28"" x 1.75"" SY-B053A"
4 850 руб,В наличии,"Покрышка Schwalbe Marathon 26x2.00, GreenGuard, TwinSkin"
1 560 руб,В наличии,"Покрышка Seyoun 28"" x 1.75"" SY-1187"
1 240 руб,В наличии,"Покрышка Chao Yang 20"" x 1.95 H-537"
1 560 руб,В наличии,"Покрышка Chao Yang 26"" x 2.125 H-584"
3 350 руб,В наличии,Покрышка Continental Ride Cruiser 28x2.0
3 300 руб,В наличии,"Покрышка Mitas Kratos TD 27,5x2.25"
1 300 руб,В наличии,"Покрышка BrainY XR-043 28""x1.75"""
6 150 руб,В наличии,Покрышка Schwalbe Durano Plus Addix 700x25C
1 900 руб,В наличии,"Втулка передняя Shimano TX500, v-br, 36 отв, QR"
4 300 руб,В наличии,Набор для бескамерных покрышек Race Face Tubeless Kit 22 мм х 10 м.
4 500 руб,В наличии,Набор для бескамерных покрышек Race Face Tubeless Kit 29 мм х 10 м.
3 100 руб,В наличии,"Обод Sun Ringle Inferno 25 Sleeved, 27,5"" 32H, W/E"
7 750 руб,В наличии,Покрышка Continental GatorSkin 700x23C
5 600 руб,В наличии,"Ось в сборе Shimano, для FH-M788"
4 450 руб,В наличии,"Обод Sun Ringle Helix TR25 SL, 27,5"", 32H Sleeved"
9 550 руб,В наличии,"Обод Race Face AR 25 Offset, 27,5"", 32H"
2 960 руб,В наличии,Покрышка CST 700x35C C1894 Pika
5 450 руб,В наличии,"Покрышка Schwalbe Nobby Nic 27,5x2.25, Folding, RaceGuard"
5 550 руб,В наличии,"Покрышка Schwalbe Rocket Ron 27.5x2.10, Folding"
29 000 руб,В наличии,"Комплект колес Shimano, RS100, 28"", передн. и задн, для 10-11ск, клинчер, OLD 100/130мм, с об. лен,"
1 250 руб,В наличии,"Обод USports H35231 28"", 32H, двойной"
4 500 руб,В наличии,"Втулка задн. Shimano MT510, 32 отв, 12 ск, под полую ось 12мм, OLD 142 мм (без оси)"
3 500 руб,В наличии,"Колесо 24"" заднее, двустенный, 32 отв, втулка KT-MD4R, 6 болтов, под диск"
1 850 руб,В наличии,"Втулка передняя Shimano TX505, 36 отв, QR, C.Lock, без кожуха"
2 550 руб,В наличии,"Колесо 26"" заднее двустенный .обод 32 отв., втулка STG B07R, под диск 6 болтов, под трещотку"
6 400 руб,В наличии,"Втулка задняя Shimano MT401-B 12ск., 36 отв., OLD:141 мм, QR 172 мм"
1 700 руб,В наличии,"Втулка задняя Wang Zheng WZ-A289R, 32 отв., 190 мм"
1 900 руб,В наличии,"Колесо 16"" заднее, одностенный обод 20 отв, втулка сталь Dachan, гайка"
1 300 руб,В наличии,"Колесо 16"" переднее, одинарный обод 16 отв, втулка сталь, гайка"
4 550 руб,В наличии,"Колесо 20"" заднее, BMX, двойной обод 36 отв, втулка SF-B17R, гайка, 14 мм ось"
1 950 руб,В наличии,"Колесо 20"" заднее, двойной обод 28 отв., втулка на пром подшип  сталь, гайка, под трещетку"
7 100 руб,В наличии,"Втулка передняя Novatec D791SB, 9 мм x 116 мм, 32 отв., под диск, 6 болтов"
5 400 руб,В наличии,"Покрышка Schwalbe Rocket Ron Performance Folding 27,5x2,25"
4 300 руб,В наличии,"Обод Sun Ringle Helix TR25, 27,5"", 32H"
5 000 руб,В наличии,"Покрышка Continental Trail King II 26x2.2, Performance"
2 750 руб,В наличии,"Барабан Shimano, для FH-RM66"
3 100 руб,В наличии,"Колесо 24"" заднее, обод под Disc 32 отв, втулка SF B27R, пром подшип"
1 100 руб,В наличии,"Обод Weinmann Aquila 21, 26'', 32H, Schrader (AV)"
5 050 руб,В наличии,"Втулка задняя Shimano Alivio, M4050, 32 отв, 8/9/10 ск, C.Lock, QR 168 мм"
7 250 руб,В наличии,Покрышка шипованная Schwalbe Marathon Winter Plus Performance SmartGuard 26x2.15
3 850 руб,В наличии,"Втулка задняя Stels D472TSBT-SC, 32Н, 8-10 ск., под кассету"
1 200 руб,В наличии,"Колесо 14"" заднее, одностенный обод 16 отв, втулка сталь Dachan, гайка"
1 500 руб,В наличии,"Колесо 20"" переднее, одинарный обод 32 отв., втулка SF-A08F, эксцентрик"
1 800 руб,В наличии,"Колесо 28"" переднее, одностенный обод 32 отв, втулка сталь, гайка"
5 050 руб,В наличии,"Втулка задняя Wang Zheng WZ-A298R, 32 отв., 12 мм (ось), 142 мм"
2 150 руб,В наличии,"Покрышка Chao Yang 26"" x 2.00 H-5115"
1 900 руб,В наличии,"Колесо 24"" заднее, двой.обод под v-brake 32 отв, втулка сталь, пром подшип. под трещетку"
2 000 руб,В наличии,"Колесо заднее, 24"" , WZ-A281R, 32 отв., V-Brake, под кассету 8/9 ск."
1 850 руб,В наличии,Покрышка Mitas Ocelot 29x2.35
4 600 руб,В наличии,Покрышка Continental CycloXKing 700x35C
1 110 руб,В наличии,"Покрышка Seyoun 18"" x 1.95"" PM-B027"
1 110 руб,В наличии,"Покрышка Seyoun 20"" x 2.0"" SY-1141"
1 560 руб,В наличии,"Покрышка Seyoun 28"" x 1.75"" SY-1181"
2 300 руб,В наличии,"Колесо в сборе переднее 28""/29"" WZ-A282FB, 32 отв., под диск, 6 болт"
2 190 руб,В наличии,Покрышка Maxxis Pace 27.5x2.10
2 390 руб,В наличии,Покрышка Maxxis Pace 29x2.10
2 600 руб,В наличии,"Колесо 29"" зад 2-ой.обод 32 отв., втулка SF B07R неохром алюм под диск 6 блт., э-к, пром. под трещ."
2 850 руб,В наличии,"Колесо 26"" заднее, 32 отв., втулка STG B07R алюм под диск 6 б, трещотка"
2 390 руб,В наличии,Покрышка Maxxis Crossmark II 29x2.25
3 400 руб,В наличии,"Втулка передн. Alivio, M4050, 32 отв, C.Lock, черн., QR 133мм,"
2 280 руб,В наличии,Покрышка CST 26x1.90 C1293
1 110 руб,В наличии,"Камера Stels/Chao Yang 24""x4.0"" (FAT BIKE)"
1 110 руб,В наличии,"Камера Stels/Chao Yang 24""x4.0"" (FAT BIKE) без упаковки"
9 000 руб,В наличии,Покрышка Schwalbe Ice Spiker Pro RaceGuard 27.5x2.25
2 500 руб,В наличии,"Колесо 29"" переднее, двустен. обод 32 отв., втулка SF A22F сталь под диск 6 болтов"
1 560 руб,В наличии,"Покрышка Chao Yang 26"" x 2.10 H-5129"
2 050 руб,В наличии,"Покрышка Chao Yang 27.5"" x 2.8 H-5161"
1 240 руб,В наличии,"Покрышка Chao Yang 24"" x 1.95"" H-525"
1 560 руб,В наличии,"Покрышка Seyoun 26"" x 2.125"" SY-B030"
8 090 руб,В наличии,Покрышка Maxxis Maxxlite 310 26x1.95 Foldable Silkworm/One70
1 450 руб,В наличии,Покрышка Chao Yang 700x25C H-5128
1 850 руб,В наличии,"Колесо 28"" заднее, одностенный обод 32 отв., втулка SF A03R сталь под трещотку 6-8 ск., v-brake"
4 090 руб,В наличии,Покрышка Maxxis Ardent 26x2.25 Foldable EXO/TR
1 240 руб,В наличии,"Покрышка Seyoun 20"" x 2.0"" SY-B013"
1 870 руб,В наличии,"Покрышка Chao Yang 26"" x 2.00"" H-5119"
1 560 руб,В наличии,Покрышка Seyoun 26 x 2.10 SY-B036
1 560 руб,В наличии,"Покрышка Seyoun 26"" x 2.3"" SY-B003"
1 870 руб,В наличии,"Покрышка Chao Yang 29"" x 2.1 H-5119"
2 350 руб,В наличии,"Втулка передн. Shimano RM35, 32 отв, QR C. Lock"
3 090 руб,В наличии,Покрышка Maxxis Pace 27.5x1.95 Foldable
1 700 руб,В наличии,"Покрышка Kenda 26""х2,0 K-878 22 TPI"
1 240 руб,В наличии,"Покрышка Seyoun 20"" x 2.10"" SY-1142"
4 300 руб,В наличии,Покрышка Mitas Charybdis TD 26x2.0
1 100 руб,В наличии,Покрышка Mitas Golf 14x1.3/8x1.3/4
1 300 руб,В наличии,"Покрышка Seyoun 20"" x 1.95"" SY-B012"
1 560 руб,В наличии,"Покрышка Seyoun 18"" x 2.125"" SY-B027"
1 430 руб,В наличии,"Покрышка Seyoun 24"" x 2.1"" SY-B012"
1 560 руб,В наличии,"Покрышка Seyoun 28"" x 1.75"" SY-B002"
2 250 руб,В наличии,"Колесо 24"" заднее, двойной обод под v-brake 32 отв, втулка сталь, болты, пром. подшипник, трещотка"
1 870 руб,В наличии,"Покрышка Chao Yang 27.5"" x 2.80 H-5176"
3 450 руб,В наличии,Барабан Shimano для WH-RS10
1 000 руб,В наличии,Колпачок для ниппеля ELECTRA VALVE CAPS HEARTCHYA
2 200 руб,В наличии,"Ось в сборе Shimano, для FH-M525A, 146мм (5-3/4"")"
1 110 руб,В наличии,"Покрышка Chao Yang 18"" x 2.125 H-518"
1 240 руб,В наличии,"Покрышка Chao Yang 20"" x 2.00 H-568"
1 240 руб,В наличии,"Покрышка Chao Yang 20"" x 2.125 H-548"
1 240 руб,В наличии,"Покрышка Chao Yang 24"" x 1.95 H-5129"
1 300 руб,В наличии,"Покрышка Chao Yang 24"" x 1.95 H-5113"
1 240 руб,В наличии,"Покрышка Chao Yang 24"" x 1.95 H-518"
1 560 руб,В наличии,"Покрышка Chao Yang 26"" x 1.95 H-567"
1 560 руб,В наличии,"Покрышка Chao Yang 26"" x 1.95 H-5185"
1 560 руб,В наличии,"Покрышка Chao Yang 26"" x 2.00 H-568"
1 560 руб,В наличии,"Покрышка Chao Yang 26"" x 2.10 H-5120"
1 560 руб,В наличии,"Покрышка Chao Yang 26"" x 2.125 H-522"
49 300 руб,В наличии,"Комплект колес Shimano RS300, 28"", переднее и задне для 10-11 ск, клинчер, OLD 100/130 мм."
1 110 руб,В наличии,"Покрышка Seyoun 14"" x 1.75"" SY-B016"
1 370 руб,В наличии,"Покрышка Chao Yang 24"" x 2.125 H-522"
2 100 руб,В наличии,"Покрышка CST 29x2.25, Camber, Folding C1671"
1 110 руб,В наличии,"Покрышка Seyoun 12""1/2 x 2""1/4 PM-B007"
1 110 руб,В наличии,"Покрышка Seyoun 16"" x 1.95"" SY-B012"
4 750 руб,В наличии,"Втулка задняя Alivio M4050, 32 отв, 8/9 10ск, C.Lock QR"
1 560 руб,В наличии,"Покрышка Seyoun 26"" x 2.125"" SY-B038"
4 290 руб,В наличии,Покрышка Maxxis Ikon 27.5x2.20 Foldable EXO/TR
3 590 руб,В наличии,Покрышка Maxxis Aspen 27.5x2.10 Foldable EXO/TR
1 900 руб,В наличии,Покрышка Continental Contact Speed 20x1.10
3 020 руб,В наличии,Покрышка CST 29x2.25 C1879 Gripper
1 110 руб,В наличии,"Покрышка Seyoun 16"" x 2.125"" PM-B027"
1 110 руб,В наличии,"Покрышка Seyoun 16"" x 1.75"" SY-B007"
1 560 руб,В наличии,"Покрышка Seyoun 26"" x 1.95"" SY-B023"
1 870 руб,В наличии,"Покрышка Chao Yang 26"" x 2.10"" H-5161"
1 560 руб,В наличии,Покрышка Seyoun 26 x 2.10 SY-B024
1 870 руб,В наличии,"Покрышка Seyoun 29"" x 2.25 SY-B008"
6 350 руб,В наличии,"Втулка задняя Deore, M525A, 32 отв., 8/9 ск, QR, 6-болтов."
5 700 руб,В наличии,"Втулка задняя Shimano RS400, 32 отв, 10/11 ск, R-QR 168 мм. OLD 130 мм."
6 510 руб,В наличии,"Покрышка Schwalbe Magic Mary 26х2,35"
2 730 руб,В наличии,Покрышка CST 26x2.10 C1837 Black Jack
1 560 руб,В наличии,"Покрышка Chao Yang 26"" x 1.95"" H-5152"
1 700 руб,В наличии,Покрышка CST 29x2.25 C1747 Jack Rabbit
2 450 руб,В наличии,"Колесо в сборе заднее 26"", одностенный алюм.обод 32 отв., торм. втулка Falcon сталь, гайка"
1 750 руб,В наличии,Покрышка Mitas Ocelot 29x2.10
2 700 руб,В наличии,"Барабан Shimano для FH-M595, с шайбой, болтом и пыльником"
4 400 руб,В наличии,Покрышка Mitas Zefyros TDi 27.5x2.25
1 560 руб,В наличии,"Покрышка Chao Yang 26"" x 2.125"" H-576"
